index,artist
0,(The Preacher) Bobby Womack
1,100 Proof Aged in Soul
2,10cc
3,5000 Volts
4,A Taste Of Honey
5,ABBA
6,AC/DC
7,AWB
8,Ace
9,Ace Frehley
10,Ace Spectrum
11,Addrisi Brothers
12,Aerosmith
13,Afrique
14,Airwaves
15,Al DeLory
16,Al Downing
17,Al Green
18,Al Martino
19,Al Stewart
20,Al Wilson
21,Alan O'Day
22,Alan Parsons
23,Albert Hammond
24,Albert King
25,Alice Bowie
26,Alice Cooper
27,Alicia Bridges
28,Alive & Kicking
29,Alive 'N Kickin'
30,Allan Clarke
31,Alton McClain & Destiny
32,Amazing Rhythm Aces
33,Ambrosia
34,America
35,American Flyer
36,Amii Stewart
37,Anacostia
38,Andrea True Connection
39,Andrew Gold
40,Andy & David Williams
41,Andy Fairweather Low
42,Andy Gibb
43,Andy Kim
44,Andy Pratt
45,Andy Williams
46,Angel
47,Anita Ward
48,Ann Peebles
51,Anson Williams
52,Apollo
53,Apollo 100
54,April
55,April Wine
56,Archie Bell & The Drells
57,Aretha Franklin
58,Argent
59,Arkade
60,Arlo Guthrie
61,Arpeggio
62,Art Garfunkel
63,Arthur Alexander
64,Arthur Prysock
65,Ashford & Simpson
66,"Ashton, Gardner & Dyke"
67,Atlanta Rhythm Section
68,Attitudes
69,Audience
70,Austin Roberts
71,Automatic Man
72,Average White Band
73,B.B. King
74,B.C.G. (B.C. Generation)
75,B.J. Thomas
76,B.T. Express
77,B.W. Stevenson
78,BTO
79,Bachman-Turner Overdrive
80,Bad Company
81,Badfinger
82,Ballin' Jack
83,Bama
84,Bandit
85,Bang
86,Banzaii
87,Bar-Kays
88,Barbara And The Uniques
89,Barbara Fairchild
90,Barbara Mandrell
91,Barbara Mason
92,Barbara Roy
93,Barbra Streisand
94,Baron Stewart
95,Barry DeVorzon
96,Barry Manilow
97,Barry Mann
98,Barry White
99,Batdorf & Rodney
100,Bay City Rollers
101,Beckmeier Brothers
102,Bee Gees
103,Bell & James
104,Bellamy Brothers
105,Belle Epoque
106,Ben E. King
107,Benny Bell
108,Berlin Philharmonic
109,Bert Sommer
110,Bette Midler
111,Betty Everett
114,Bettye Swann
115,Beverly Bremers
116,Biddu Orchestra
117,Bill Amesbury
118,Bill Anderson
119,Bill Brandon
120,Bill Conti
121,Bill Cosby
122,Bill Deal & The Rhondels
123,Bill Haley And His Comets
124,Bill LaBounty
125,Bill Quateman
126,Bill Withers
127,Bill Wray
128,Billie Jo Spears
129,Billie Sans
130,"Billy ""Crash"" Craddock"
131,Billy Joe Royal
132,Billy Joel
133,Billy Lee Riley
134,Billy Lemmons
135,Billy Ocean
136,Billy Paul
137,Billy Preston
138,Billy Swan
139,Billy Thorpe
140,Billy Thunderkloud & The Chieftones
141,Bimbo Jet
142,Black Oak Arkansas
143,Black Sabbath
144,Blackfoot
145,Blackjack
146,Blaze
147,Blondie
148,"Blood, Sweat & Tears"
149,Bloodrock
150,Bloodstone
151,Blue
152,Blue Haze
153,Blue Magic
154,Blue Mink
155,Blue Oyster Cult
156,Blue Swede
157,Blues Brothers
158,Blues Image
159,Bo Donaldson And The Heywoods
160,Bob Dylan
161,Bob James
162,Bob Marley
163,Bob Mcgilpin
164,Bob Seger
165,Bob Weir
166,Bob Welch
167,Bobbi Martin
168,Bobbie Gentry
169,"Bobby ""Blue"" Bland"
170,"Bobby ""Boris"" Pickett And The Crypt-Kickers"
171,Bobby Arvon
172,Bobby Bare
173,Bobby Bland
174,Bobby Bloom
175,Bobby Byrd
176,Bobby Caldwell
177,Bobby Darin
178,Bobby Goldsboro
179,Bobby Moore
180,Bobby Russell
181,Bobby Sherman
182,Bobby Vee
183,Bobby Vinton
184,Bobby Womack
185,Bones
186,Boney M
187,Bonnie Boyer
188,Bonnie Pointer
189,Bonnie Raitt
190,Bonnie Tyler
191,Booker T. & The MG's
192,Boomer Castleman
193,Boston
194,Boz Scaggs
195,Brainstorm
196,Bram Tchaikovsky
197,Brass Construction
198,Bread
199,Brenda & The Tabulations
200,Brenda Lee
201,Brenda Lee Eager
202,Brenda Russell
203,Brewer And Shipley
204,Brian Auger & The Trinity
205,Brian Hyland
206,Brian Protheroe
207,Brick
208,Brighter Side Of Darkness
209,British Lions
210,Bro Smith
211,Broadway
212,Brook Benton
213,Brooklyn Bridge
216,Brother Jack McDuff
217,Brother Love
218,Brother To Brother
219,Brotherhood Of Man
220,Brown Sugar
221,Brownsville Station
222,Bruce Foster
223,Bruce Springsteen
224,Bryan Ferry
225,Bryan Guy Adams
226,Buckeye
227,Buckwheat
228,Buddy Miles
229,Buffy Sainte-Marie
230,Bulldog
231,Bullet
232,Bumble Bee Unlimited
235,Burton Cummings
236,Byron MacGregor
237,C Company
238,C.C. & Company
239,C.C.S.
240,C.J. & Company
241,C.W. McCall
242,CROW
243,Cal Smith
244,Candi Staton
245,Canned Heat
246,Cannonball Adderley
247,Canyon
248,Captain & Tennille
249,Carl Carlton
250,Carl Douglas
251,Carl Graves
252,Carlo Savina
253,Carlos Santana & Buddy Miles
254,Carly Simon
255,Carol Douglas
256,Carole Bayer Sager
257,Carole King
258,Carolyn Willis
259,Carolyne Mas
260,Carpenters
261,Carrie
262,Carrie Lucas
263,Carroll O'Connor
264,Casey Kelly
265,Cashman & West
266,Cat Stevens
267,Cate Bros.
268,Cazz
269,Celebration
270,Celi Bee & The Buzzy Bunch
271,Cerrone
272,Chairman Of The Board
275,Chambers Brothers
276,Champagne
277,Chanson
278,Charlene
279,Charles Wright
280,Charley Pride
281,Charlie
282,Charlie Daniels
283,Charlie Kulis
284,Charlie Rich
285,Charlie Ross
286,Chase
287,Cheap Trick
288,Chee-Chee & Peppy
289,Cheech & Chong
290,Cher
291,Cherie & Marie Currie
292,Cheryl Barnes
293,Cheryl Ladd
294,Cheryl Lynn
295,Chi Coltrane
296,Chic
297,Chicago
298,Chicory
299,Chilliwack
300,Chocolate Milk
301,Chris Hodge
302,Chris Norman
303,Chris Rea
304,Chris Thompson & Night
305,Christie
306,Christopher Paul And Shawn
307,Chuck Berry
308,Chuck Brown & The Soul Searchers
309,Chuck Mangione
310,Cindy Bullens
311,Circus
312,Cissy Houston
313,City Boy
314,Clarence Carter
315,Clarence Reid
316,Claudja Barry
317,Clean Living
318,Cledus Maggard And The Citizen's Band
319,Cliff DeYoung
320,Cliff Richard
321,Climax
322,Clint Holmes
323,Clout
324,Cochise
325,Cody Jameson
326,Cold Blood
327,Commander Cody
328,Commodores
329,ConFunkShun
330,Consumer Rapport
331,Continental Miniatures
332,Conway Twitty
333,Cooker
334,Cool Heat
335,Cooper Brothers
336,Cooper Brothers Band
337,Cornelius Brothers & Sister Rose
338,Cory
339,Cory Daye
340,"Cotton, Lloyd & Christian"
341,Country Coalition
342,Country Joe McDonald
343,Coven
344,Cozy Powell
345,Crabby Appleton
346,Crawler
347,Creative Source
348,Creedence Clearwater Revival
349,"Crosby, Stills, Nash & Young"
350,Cross Country
351,Crown Heights Affair
352,Crystal Gayle
353,Crystal Mansion
354,Cugini
355,Current
356,Curtis Mayfield
357,Cymande
358,Cymarron
359,Cyndi Grecco
360,D.C. LaRue
361,D.J. Rogers
362,Daddy Dewdrop
363,Dan Fogelberg
364,Dan Hartman
365,Dan Hill
366,Dan Peek
367,Dana Valery
368,Daniel Boone
369,Dann Rogers
370,Danny Holien
371,Danny O'Keefe
372,Danny White
373,Danyel Gerard
374,Daryl Hall & John Oates
375,Dave & Ansil Collins
376,Dave Edmunds
377,Dave Loggins
378,Dave Mason
379,David & Jimmy Ruffin
380,David Bellamy
381,David Blue
382,David Bowie
385,David Castle
388,David Dundas
389,David Essex
390,David Gates
391,David Geddes
392,David Laflamme
393,David Naughton
394,David Porter
395,David Ruffin
396,David Soul
397,Davy Jones
400,Daybreak
401,Dean Friedman
402,Debbie Campbell
403,Debbie Taylor
404,Debby Boone
405,Dee Dee Warwick
406,Deep Purple
407,Delaney & Bonnie
408,Delbert & Glen
409,Delegation
410,Deliverance
411,Demis Roussos
414,Denise LaSalle
415,Dennis Coffey & The Detroit Guitar Band
416,Dennis Yost And The Classics IV
417,Deodato
418,Derek & The Dominos
419,Derringer
420,Desmond Child And Rouge
421,Detroit Emeralds
422,Diamond Reo
423,Diana Ross
424,Diana Williams
425,Diane Kolby
426,Dick Feller
427,Dickey Lee
428,Dickie Goodman
429,Dion
430,Dionne Warwick
431,Dionne Warwicke
432,Dire Straits
433,Disco Tex & The Sex-O-Lettes
434,Dixie Flyers
435,Dobie Gray
436,Dollar
437,Dolly Parton
438,Don Brown
439,Don Covay
440,Don Fardon
441,Don Goodwin
442,Don McLean
443,Don Nix
444,Don Ray
445,Donald Byrd
446,Donna Fargo
447,Donna McDaniel
450,Donnie Elbert
451,Donny Gerrard
454,Donny Most
455,Donny Osmond
456,Donovan
457,Dooley Silverspoon
458,Doris Duke
459,Dorothy Moore
460,Dorothy Morrison
461,Dorothy Norwood
462,Dottie West
463,Double Exposure
464,Doucette
465,Dr. Buzzard's Original Savannah Band
466,Dr. Hook
467,Dr. John
468,Drupi
469,Duke & The Drivers
470,Dunn & McCashen
471,Dusk
472,Dusty Springfield
473,Dwight Twilley Band
474,Dynamic Superiors
475,Eagles
476,Earnest Jackson
477,"Earth, Wind & Fire"
478,East L.A. Car Pool
479,Easy Street
480,"Ecstasy, Passion & Pain"
481,Eddie & Dutch
482,Eddie Floyd
483,Eddie Holman
484,Eddie Kendricks
485,Eddie Money
486,Eddie Rabbitt
487,Edgar Winter
488,Edgar Winter's White Trash
489,Edison Lighthouse
490,Edward Bear
491,Edwin Starr
492,El Chicano
493,El Coco
494,Electric Light Orchestra
497,Ellen Foley
498,Ellison Chase
499,Eloise Laws
500,Elton John
501,Elvin Bishop
502,Elvis Presley
503,"Emerson, Lake & Palmer"
504,Emitt Rhodes
505,Emmylou Harris
506,Enchantment
507,Engelbert Humperdinck
508,England Dan
509,Eric Burdon And War
510,Eric Carmen
513,Eric Weissberg
514,Ernie (Jim Henson)
515,Errol Sober
516,Eruption
517,Esther Phillips
518,Etta James
519,Euclid Beach Band
520,Eve Graham
521,"Evelyn ""Champagne"" King"
522,Evie Sands
523,Exile
524,Eydie Gorme
525,Fabulous Counts
526,Fabulous Poodles
529,Facts Of Life
530,Faith Band
531,"Faith, Hope And Charity"
532,Fancy
533,Fanny
534,Fantastic Four
535,Fantasy
536,Faron Young
537,Feather
538,Fern Kinney
539,Ferrante & Teicher
540,Fire And Rain
541,Firefall
542,Firefly
543,First Choice
544,First Class
545,Five Flights Up
546,Five Man Electrical Band
547,Five Special
548,Flamingos
549,Flash
550,Flash And The Pan
551,Flash Cadillac And The Continental Kids
552,Fleetwood Mac
553,Focus
554,Foghat
555,Fools Gold
556,Foreigner
557,Foster Sylvers
558,Fotomaker
559,Four Tops
560,Fox
561,Foxy
562,France Joli
563,Francis Lai
564,Frank Lucas
565,Frank Mills
566,Frank Sinatra
567,Frank Zappa
568,Frankie Avalon
569,Frankie Beverly
570,Frankie Miller
571,Frankie Valli
572,Frannie Golde
573,Fred Wesley & The J.B.'s
574,Freda Payne
575,Freddie Hart
576,Freddie North
577,Freddy Fender
578,Freddy Robinson
579,Frederick Knight
580,Free
581,Free Movement
582,Frijid Pink
583,Funkadelic
584,Funky Communication Committee
585,Funky Kings
586,G.Q.
587,Gabriel
588,Gabriel Kaplan
589,Gallagher And Lyle
590,Gallery
591,Garfunkel
592,Gary & Dave
593,Gary Criss
594,Gary Glitter
595,Gary Puckett
596,Gary Tanner
597,Gary Toms Empire
598,Gary Wright
599,Gary's Gang
600,Gayle McCormick
601,Gaylord & Holiday
602,Geils
603,Gene & Jerry
604,Gene Chandler
605,Gene Cotton
606,Gene Pitney
607,Gene Redding
608,Gene Simmons
609,Genesis
612,George Baker Selection
613,George Benson
614,George Duke
615,George Fischoff
616,George Harrison
617,George McCrae
618,George Perkins & The Silver Stars
619,Gerry Rafferty
620,Gilbert O'Sullivan
621,Ginger Baker's Air Force
622,Gino Soccio
623,Gino Vannelli
624,Giorgio
625,Giorgio Moroder
626,Gladstone
627,Gladys Knight And The Pips
630,Glenn Sutton
631,Gloria Gaynor
632,Gloria Taylor
633,Godspell
634,Golden Earring
635,Gonzalez
636,Goody Goody
637,Goose Creek Symphony
638,Gordon Lightfoot
639,Gordon Sinclair
640,Grace Jones
641,Graham Central Station
644,Graham Parker And The Rumour
645,Grand Canyon
646,Grand Funk
647,Grand Funk Railroad
648,Grateful Dead
649,Greg Lake
650,Gregg Allman
651,Grey & Hanks
652,Grin
653,"Grover Washington, Jr."
654,Gunhill Road
655,Guy Drake
656,Gwen McCrae
657,Gypsy
658,Hagood Hardy
659,Hair Soundtrack
660,Hamilton Bohannon
661,"Hamilton, Joe Frank & Reynolds"
662,Hank Wilson
663,Harold Melvin And The Blue Notes
664,Harry Chapin
665,Head East
666,Heart
667,Heartsfield
668,Heatwave
669,Heaven Bound with Tony Scotti
670,Helen Reddy
671,Hello People
672,Henhouse Five Plus Too
673,Henry Gross
676,Herb Alpert
677,Herbie Hancock
678,Herbie Mann
679,Herman Brood
680,High Inergy
681,"Hodges, James And Smith"
682,Hog Heaven
683,Holland-Dozier
684,Hot
685,Hot Butter
686,Hot Chocolate
687,Hot Sauce
688,Hotel
689,Hotlegs
690,Houston Person
691,Howard Tate
692,Hoyt Axton
693,Hudson and Landry
694,Humble Pie
695,Hurricane Smith
696,I.A.P. Co. (the Italian Asphalt & Pavement Company)
697,Ian Gomm
698,Ian Hunter
699,Ian Lloyd
700,Ian Matthews
701,Ian Thomas
702,Idris Muhammad
703,Ike & Tina Turner
704,Impact
705,Independents
706,Instant Funk
707,Iron Butterfly
708,Ironhorse
709,Isaac Hayes
710,"Israel ""Popper Stopper"" Tolbert"
711,J. Frank Wilson and The Cavaliers
712,J.D. Souther
713,J.J. Cale
714,Ja-Kki
715,Jack Blanchard & Misty Morgan
716,Jack Wild
717,Jackie DeShannon
718,Jackie Moore
719,Jackie Wilson
720,Jackson 5
721,Jackson Browne
722,Jake Holmes
723,James Brown
724,James Cleveland
725,James Darren
726,James Gang
727,James Last
731,James Walsh Gypsy Band
732,Jamestown Massacre
733,Jamul
734,Jane Birkin Serge Gainsbourg
735,Jane Olivor
736,Janis Ian
737,Janis Joplin
738,Jay & The Americans
739,Jay Ferguson
740,Jean Knight
741,Jean Shepard
742,Jean Stapleton
743,Jeanne Pruett
744,Jeannie C. Riley
745,Jefferson
746,Jefferson Airplane
747,Jefferson Starship
748,Jennifer Warnes
749,Jermaine Jackson
750,Jerry Butler
751,Jerry Corbetta
752,Jerry Garcia
753,Jerry Jeff Walker
754,Jerry Lee Lewis
755,Jerry Naylor
756,Jerry Reed
757,Jerry Wallace
758,Jesse Anderson
759,Jesse Winchester
760,Jessi Colter
761,Jethro Tull
762,Jigsaw
763,Jim Campbell
764,Jim Capaldi
765,Jim Croce
766,Jim Ed Brown
767,Jim Gilstrap
768,Jim Messina
769,Jim Stafford
770,Jim Weatherly
771,Jimi Hendrix
772,"Jimmy ""Bo"" Horne"
773,Jimmy Beaumont And The Skyliners
774,Jimmy Buffett
775,Jimmy Cliff
776,Jimmy Dean
777,Jimmy James & The Vagabonds
778,Jimmy Ruffin
779,Jo Jo Gunne
780,Joan Baez
781,Jody Miller
782,Joe Cocker
783,Joe Jackson
784,Joe Simon
785,Joe South
786,Joe Stampley
787,Joe Tex
788,Joe Walsh
789,Joey Heatherton
790,Joey Scarbury
791,Joey Travolta
792,John & Ernest
793,John Baldry
794,John Belushi
795,John Cougar
796,John Davis
797,John Dawson Read
798,John Denver
801,John Ford Coley
802,John Handy
803,John Kay
804,John Kongos
805,John Lennon
806,John Livigni
807,John Lodge
808,John Miles
809,John Paul Young
810,John Phillips
811,John Rowles
812,John Sebastian
813,John Stewart
814,John Travolta
815,John Valenti
816,John Williams
817,Johnnie Taylor
818,Johnny Bristol
819,Johnny Cash
820,Johnny Caswell
821,Johnny Guitar Watson
822,Johnny Mathis
823,Johnny Nash
824,Johnny Paycheck
825,Johnny Rivers
826,Johnny Rodriguez
827,Johnny T. Angel
828,Johnny Wakelin & The Kinshasa Band
829,Johnny Williams
830,Johnny Winter
831,Jonathan Cain
832,Jonathan Edwards
833,Joni Lee
834,Joni Mitchell
835,Jose Feliciano
836,Journey
837,Joy Of Cooking
838,Joyce Cobb
839,Jr. Walker & The All Stars
840,Jud Strunk
841,Judy Cheeks
842,Judy Collins
843,Juice Newton
844,Julie
845,June Carter
846,June Conquest
847,Justin Hayward
848,K.C.
849,KC And The Sunshine Band
850,KISS
851,Kacey Cisyk
852,Kansas
853,Karen Nelson And Billy T
854,Karen Young
855,Karla Bonoff
856,Kate Bush
857,Kate Taylor
858,Katfish
859,Kathy Dalton
860,Kayak
861,Keith Carradine
862,Keith Hampshire
863,Keith Herman
864,Kellee Patterson
865,Kenny Karen
866,Kenny Loggins
867,Kenny Nolan
868,Kenny Rogers
869,Kenny Starr
870,Kermit (Jim Henson)
871,Kerry Chater
872,Kevin Johnson
873,Kevin Lamb
878,King Crimson
879,King Curtis & The Kingpins
880,King Floyd
881,King Harvest
882,Klaatu
883,Kongas
884,Kool & The Gang
885,Kraftwerk
886,Kris Kristofferson
887,Kristy And Jimmy McNichol
888,L.A. Jets
889,L.T.D.
890,LTD
891,Labelle
892,Lady Flash
893,Lake
894,Lally Stott
895,Lamont Dozier
896,Lana Cantrell
897,Larry Gatlin
898,Larry Groce
899,Larry Santos
900,Latimore
901,Laura Lee
902,Laura Nyro
903,Lauren Wood
904,Laverne & Shirley
905,Layng Martine
906,Lazy Racer
907,Le Pamplemousse
908,LeBlanc & Carr
909,Lea Roberts
910,Led Zeppelin
911,Lee Garrett
912,Lee Michaels
913,Lee Oskar
914,Leif Garrett
915,Lena Zavaroni
916,Lenny LeBlanc
917,Lenny Welch
918,Leo Sayer
919,Leon & Mary Russell
920,Leon Haywood
921,Leon Russell
922,Leon Russell & The Shelter People
923,Leroy Gomez
924,Les Crane
925,Les Emmerson
926,Les McCann & Eddie Harris
927,Lighthouse
928,Limmie & Family Cookin'
929,Linda Clifford
930,Linda Jones
931,Linda Ronstadt
932,Lindisfarne
933,Liner
934,Link Wray
935,Liquid Gold
936,Liquid Smoke
937,Little Anthony And The Imperials
938,Little Carl Carlton
939,Little Jimmy Osmond
940,Little Johnny Taylor
941,Little Milton
942,Little Richard
943,Little River Band
944,Little Sister
945,Livingston Taylor
946,Liz Damon's Orient Express
947,Lobo
948,Loggins & Messina
949,Lois Fletcher
950,Loleatta Holloway
951,London Symphony Orchestra
952,Long John Baldry & Kathi MacDonald
953,Looking Glass
956,Lou Christie
957,Lou Rawls
958,Lou Reed
959,Loudon Wainwright III
960,Louis Williams
961,Louise Goffin
962,Louisiana's LeRoux
963,Love
964,Love And Kisses
965,Love Childs Afro Cuban Blues Band
966,Love Unlimited
967,Lulu
968,Lunar Funk
969,Luther Ingram
972,Lynn Anderson
973,Lynyrd Skynyrd
974,M
975,MFSB
976,Mac And Katie Kissoon
977,Mac Davis
978,Mac McAnally
979,Maceo And The Macks
980,Machine
981,Maggie Bell
982,Major Harris
983,Major Lance
984,Malo
985,Mama Cass Elliot
986,Manassas
987,Mandrill
988,Manfred Mann's Earth Band
989,Manu Dibango
990,Margie Joseph
991,Maria Muldaur
994,"Marilyn McCoo & Billy Davis, Jr."
995,Marilyn Scott
996,Marilyn Sellars
997,Mark Lindsay
998,Mark-Almond
999,Marmalade
1000,Marshall Hain
1001,Martha Reeves
1002,Martin Mull
1003,Marty Kristian
1004,Marty Robbins
1007,Marvin Hamlisch
1008,Mary Hopkin
1009,Mary Kay Place
1010,Mary Macgregor
1011,Mary Travers
1012,Mashmakhan
1013,Mass Production
1014,Matthews' Southern Comfort
1015,Maureen McGovern
1016,Mavis Staples
1017,Maxine Nightingale
1018,Maynard Ferguson
1019,Maze
1020,McFadden & Whitehead
1021,"McGuinn, Clark & Hillman"
1022,McGuinness Flint
1023,McKinley Travis
1024,Meat Loaf
1025,Meco
1026,Mel And Tim
1027,Melanie
1028,Melba Montgomery
1029,Melba Moore
1030,Melissa Manchester
1031,Meri Wilson
1032,Merle Haggard
1033,Merrilee Rush
1034,Merry Clayton
1035,Mesa
1036,Messengers
1037,Michael Franks
1038,Michael Henderson
1039,Michael Holm
1042,Michael Johnson
1043,Michael Murphey
1044,Michael Nesmith & The First National Band
1045,Michael Parks
1046,Michael Redway
1047,Michael Zager's Moon Band/Peabo Bryson
1048,Michel Legrand
1049,Michel Polnareff
1050,Mick Jackson
1051,Mick Jagger
1052,Mickey Gilley
1053,Mickey Newbury
1054,Mickey Thomas
1055,Mighty Clouds Of Joy
1056,Miguel Rios
1057,Mike Kennedy
1058,Mike Love
1059,Mike Oldfield
1060,Mike Post
1061,Mike Reilly
1062,Millie Jackson
1063,Minnie Riperton
1064,Miss Abrams And The Strawberry Point School Third Grade Class
1065,Mistress
1066,Mocedades
1067,Moments
1068,Moon Martin
1069,Moonlion
1070,Morning Mist
1071,Morris Albert
1072,Mother's Finest
1073,Mott The Hoople
1074,Mountain
1075,Mouth & MacNeal
1076,Mr. Big
1077,Mungo Jerry
1078,Murray Head With The Trinidad Singers
1079,Musique
1080,N.F. Porter
1081,NRBQ
1082,Nancy Brooks
1083,Nancy Wilson
1084,Napoleon XIV
1085,Narada Michael Walden
1086,Narvel Felts
1087,Natalie Cole
1088,National Lampoon
1089,Natural Four
1090,Nature's Divine
1091,Nazareth
1092,Nazz
1095,Neil Sedaka
1096,Neil Young
1097,Neil Young & Crazy Horse
1098,Neil Young & Graham Nash
1099,Nektar
1100,Neon Philharmonic
1101,New Birth
1102,New Colony Six
1103,New England
1104,New Riders Of The Purple Sage
1105,New York City
1106,Nick Gilder
1107,Nick Lowe
1108,Nicolette Larson
1109,Nigel Olsson
1110,Night
1111,Nilsson
1112,Nina Simone
1113,Nino Tempo And 5th Ave. Sax
1114,Niteflyte
1115,Nitty Gritty Dirt Band
1116,Nolan
1117,Nolan Porter
1118,Norman Connors
1119,Norman Greenbaum
1120,Northern Light
1121,O.C. Smith
1122,O.V. Wright
1123,Oak
1124,Ocean
1125,Odds & Ends
1128,Odyssey
1129,Ohio Players
1130,Oliver
1133,Orleans
1134,Orsa Lia
1135,Oscar Brown Jr.
1136,Otis Leavill
1137,Otis Leaville
1138,Outlaws
1139,Owen B.
1140,Ozark Mountain Daredevils
1141,Ozo
1142,P-Nut Gallery
1143,PG&E
1144,Pablo Cruise
1145,Pacific Gas And Electric
1146,Pages
1147,Painter
1148,Paper Lace
1149,Parker McGee
1150,Parliament
1151,Pat Benatar
1152,Pat Lundi
1153,Pat Travers
1154,Patrick Hernandez
1155,Patti Smith Group
1156,Paul & Linda McCartney
1157,Paul Anka
1158,Paul Davis
1159,Paul Humphrey & His Cool Aid Chemists
1160,Paul Kelly
1161,Paul McCartney
1162,Paul Nicholas
1165,Paul Stanley
1166,Paul Stookey
1167,Paul Williams
1168,Paula Webb
1169,Peace
1170,Peaches & Herb
1171,Penny Mclean
1172,People's Choice
1173,Percy Sledge
1174,Perry Botikin Jr.
1175,Perry Como
1176,Pete Wingfield
1177,Peter Brown
1178,Peter Frampton
1179,Peter Gabriel
1180,Peter Mccann
1181,Peter Nero
1182,Peter Shelley
1183,Peter Skellern
1184,Peter Tosh
1185,Peter Yarrow
1186,"Peter, Paul & Mary"
1187,Petula Clark
1188,Philadelphia International All Stars
1189,Philly Cream
1190,Philly Devotions
1193,Pickettywitch
1194,Pilot
1195,Pink Floyd
1196,Pink Lady
1197,Plastic Bertrand
1200,Player
1201,Pleasure
1202,Pockets
1203,Poco
1204,Polly Brown
1205,Ponderosa Twins + One
1206,Pop-Tops
1207,Potliquor
1208,Pousette-Dart Band
1209,Pratt & McClain
1210,Prelude
1211,Prince
1212,Prism
1213,Procol Harum
1214,Pure Prairie League
1215,Purple Reign
1216,Python Lee Jackson
1217,Q
1218,Queen
1219,Quicksilver Messenger Service
1220,Quincy Jones
1221,R. Dean Taylor
1222,R.B. Greaves
1223,REO Speedwagon
1224,Raeletts
1225,Rainbow
1226,Ralfi Pagan
1227,Ralph Carter
1228,Ram Jam
1229,Ramones
1230,Ramsey Lewis
1231,Randy Brown
1232,Randy Edelman
1233,Randy Newman
1234,Randy VanWarmer
1235,Rare Earth
1236,Raspberries
1237,Ray Charles
1238,Ray Price
1239,Ray Sawyer
1240,Ray Stevens
1241,Raydio
1242,Razzy
1243,Red Eye
1244,Red Sovine
1245,Redbone
1246,Redeye
1247,Reparata
1248,Reuben Howell
1249,Reunion
1250,Revelation
1251,Rex Smith
1252,Rhythm Heritage
1253,Richard Cocciante
1254,Richard Harris
1255,Richie Furay
1256,Richie Havens
1257,Rick Cunha
1258,Rick Dees & His Cast Of Idiots
1259,Rick Derringer
1260,Rick James
1261,Rick Nelson
1262,Rick Nelson And The Stone Canyon Band
1263,Rick Springfield
1264,Rickie Lee Jones
1265,Ringo Starr
1266,Ripple
1269,Robert Gordon
1270,Robert John
1271,Robert Palmer
1272,Roberta Flack
1273,Robin Gibb
1274,Robin McNamara
1275,Robin Trower
1276,Rock Flowers
1277,Rockets
1278,Rod Hart
1279,Rod Stewart
1280,Roger Daltrey
1281,Roger Voudouris
1282,Roger Whittaker
1283,Ron Banks And The Dramatics
1284,Ronnie Dyson
1285,Ronnie Hawkins
1286,Ronnie McDowell
1287,Ronnie Milsap
1288,Ronnie Spector
1289,Rose Colored Glass
1290,Rose Royce
1291,Rotary Connection
1292,Roxy Music
1293,Roy Clark
1294,Roy Head
1295,Roy Rogers
1296,Rozetta Johnson
1297,Rubicon
1298,Ruby Winters
1299,Rufus
1300,Rufus Thomas
1301,Runt
1302,Rupert Holmes
1303,Rush
1304,Rusty Wier
1305,S.S.O.
1306,Sad Cafe
1307,Sailcat
1308,Saint Tropez
1309,Salvage
1310,Sam Neely
1311,Samantha Sang
1312,Sami Jo
1313,Sammi Smith
1314,"Sammy Davis, Jr. with The Mike Curb Congregation"
1315,Sammy Hagar
1316,Sammy Johns
1317,Santa Esmeralda
1318,Santana
1319,Sarah Dash
1320,Savoy Brown
1321,Scott English
1322,Sea Level
1323,Seals & Crofts
1324,Seatrain
1325,Sha Na Na
1326,Shalamar
1327,Sharon Paige and Harold Melvin
1328,Shaun Cassidy
1329,Shawn Phillips
1330,Sherbet
1331,Shirley & Squirrely
1332,Shirley And Company
1333,Shirley Bassey
1334,Shirley Brown
1335,Shirley Caesar
1336,Shoes
1337,Silver
1338,Silver Convention
1339,Silvetti
1340,Simon & Garfunkel
1341,Simon Stokes
1342,Sir Monti Rock III
1343,Sister Janet Mead
1344,Sister Sledge
1345,Skylark
1346,Slade
1347,Slave
1348,Sly & The Family Stone
1349,Sly Stone
1350,Smith
1353,Smokie
1354,Snail
1355,Sniff 'n' the Tears
1356,Solomon Burke
1357,Sonny & Cher
1358,Sonny Geraci
1359,Sonny James
1360,Sons Of Champlin
1361,Soul Train Gang
1362,Sounds Of Sunshine
1363,South Shore Commission
1364,Southcote
1365,Southside Johnny & The Asbury Jukes
1366,Space
1367,Special Delivery
1368,Spellbound
1369,Spin
1370,Spinners
1371,Spiral Starecase Featuring: Pat Upton
1372,Spirit
1373,Splinter
1374,Springwell
1375,Spyro Gyra
1376,Stallion
1377,Stampeders
1378,Starbuck
1379,Stargard
1380,Stark & McBrien
1381,Starland Vocal Band
1382,Starz
1383,Stealers Wheel
1384,Steam
1385,Steely Dan
1386,Stephanie Mills
1387,Stephen Bishop
1388,Stephen Stills
1389,Steppenwolf
1390,Steve & Eydie
1391,Steve Alaimo
1392,Steve Dahl And Teenage Radiation
1393,Steve Forbert
1394,Steve Harley And Cockney Rebel
1395,Steve Mandell
1396,Steve Martin
1397,Steve Martin And The Toot Uncommons
1398,Steve Miller
1399,Steve Sperry
1402,Stillwater
1403,Stonebolt
1404,Stoney & Meatloaf
1407,Street People
1408,Styx
1409,Sugar Bears
1410,Sugarhill Gang
1411,Sugarloaf
1412,Sun
1413,Sundown Company
1414,Supertramp
1415,Susan Collins
1418,Susan Raye
1419,Sutherland Brothers And Quiver
1420,Suzi Quatro
1421,Suzy And The Red Stripes
1422,Sweathog
1423,Sweeney Todd
1424,Sweet
1425,Sweet Dreams
1426,Sweet Sensation
1427,Switch
1428,Syl Johnson
1429,Sylvester
1430,Sylvia
1431,Sylvia And The Moments
1432,Syndicate Of Sound
1433,Syreeta
1434,T-Connection
1435,T. Rex
1436,T.G. Sheppard
1437,T.M.G.
1438,Taka Boom
1439,Talking Heads
1440,Tamiko Jones
1441,Tammi Terrell
1442,Tammy Wynette
1443,Tanya Tucker
1444,Tasha Thomas
1445,Tavares
1446,Ted Nugent
1447,Teddy Pendergrass
1448,Teegarden & Van Winkle
1449,Ten Wheel Drive
1450,Ten Years After
1451,Teri DeSario
1452,Terry Black & Laurel Ward
1453,Terry Bradshaw
1454,Terry Cashman
1455,Terry Huff
1456,Terry Jacks
1457,Terry Nelson
1458,Tex Ritter
1459,The 21st Century
1462,The 5 Stairsteps
1463,The 5th Dimension
1464,The 8th Day
1465,The Alan Parsons Project
1466,The Allman Brothers Band
1467,The Archies
1468,The Assembled Multitude
1469,The Association
1470,The Atlanta Disco Band
1471,The Babys
1474,The Band Of The Black Watch
1475,The Bar-Kays
1476,The Barron Knights
1477,The Beach Boys
1478,The Beatles
1479,The Beginning Of The End
1480,The Believers
1481,The Bells
1482,The Blackbyrds
1483,The Blend
1484,The Blue Notes
1485,The Blue Ridge Rangers
1486,The Box Tops
1487,The Boys In The Band
1488,The Brecker Brothers
1489,The Brooklyn Bridge
1490,The Brotherhood Of Man
1493,The Buggles
1494,The Buoys
1495,The Byrds
1496,The Caboose
1497,The Captain & Tennille
1498,The Cars
1499,The Chakachas
1500,The Champs' Boys Orchestra
1501,The Charlie Daniels Band
1502,The Chi-lites
1503,The Choice Four
1504,The Chris Stainton Band
1505,The Clique
1506,The Coasters
1507,The Continental 4
1508,The Courtship
1509,The Crusaders
1510,The Cuff Links
1511,The DeFranco Family
1512,The Deadly Nightshade
1513,The Delegates
1514,The Delfonics
1515,The Dells
1516,The Dillards
1517,The Dirt Band
1518,The Disco Sound Of Andre Gagnon
1521,The Dixie Hummingbirds
1522,The Don Harrison Band
1523,The Doobie Brothers
1524,The Doors
1525,The Dramatics
1526,The Ebonys
1527,The Edwin Hawkins Singers
1528,The Electric Express
1529,The Eleventh Hour
1530,The Elton John Band
1533,The English Congregation
1534,The Fabulous Rhinestones
1535,The Fantastics
1536,The Faragher Bros.
1537,The First Class
1538,The First Edition
1539,The Five Stairsteps
1540,The Flame
1541,The Flaming Ember
1542,The Floaters
1543,The Flying Lizards
1544,The Flying Machine
1545,The Fortunes
1546,The Free Movement
1547,The Freedom Express
1548,The Friends Of Distinction
1549,The Fuzz
1550,The Gentrys
1551,The Gibson Brothers
1552,The Glass Bottle
1553,The Glass House
1554,The Glitter Band
1555,The Goodies
1556,The Grass Roots
1557,The Grateful Dead
1558,The Guess Who
1559,The Hamilton Philharmonic Orchestra
1560,The Headboys
1561,The Heart And Soul Orchestra
1562,The Heartbreakers
1563,The Heyettes
1564,The Heywoods
1565,The Hillside Singers
1566,The Hollies
1567,The Hollywood Stars
1568,The Honey Cone
1569,The Hudson Brothers
1570,The Hues Corporation
1571,The Ides Of March
1572,The Ikettes
1573,The Illusion
1574,The Impressions
1575,The Incredible Bongo Band
1576,The Independents
1577,The Inmates
1578,The Intrigues
1579,The Intruders
1580,The Isley Brothers
1581,The J. Geils Band
1582,The JB's
1583,The Jacksons
1584,The Jaggerz
1585,The James Brown Soul Train
1586,The James Gang
1587,The Jazz Crusaders
1588,The Jimmy Castor Bunch
1589,The Jones Girls
1590,The Joneses
1591,The Keane Brothers
1592,The Kendalls
1593,The Kiki Dee Band
1594,The Kimberlys
1595,The Kinks
1596,The Klowns
1597,The Knack
1598,The Lettermen
1599,The London Symphony Orchestra/John Williams
1600,The Lost Generation
1601,The Lovelites
1602,The Lovers
1603,The Magic Lantern
1604,The Magic Lanterns
1605,The Main Ingredient
1606,The Mainstreeters
1607,The Mamas & The Papas
1608,The Manhattan Transfer
1609,The Manhattans
1610,The Marc Tanner Band
1611,The Marmalade
1612,The Marshall Tucker Band
1613,The McCrarys
1614,The Medicine Show
1615,The Meters
1616,The Michael Zager Band
1621,The Mixtures
1622,The Mob
1623,The Moments
1624,The Monkees
1625,The Monster Orchestra
1626,The Moody Blues
1627,The Move
1628,The Mystic Moods
1629,The Neighborhood
1630,The New Birth
1631,The New Colony Six
1632,The New Hope
1633,The New Seekers
1634,The Newbeats
1635,The Newcomers
1636,The Nite-Liters
1637,The Nitty Gritty Dirt Band
1638,The O'Jays
1639,The Original Caste
1640,The Originals
1641,The Osmond Brothers
1645,The Outlaws
1646,The Ovations
1647,The Partridge Family Starring Shirley Jones
1648,The People's Choice
1649,The Peppers
1650,The Persuaders
1651,The Philarmonics
1652,The Pipes And Drums And The Military Band Of The Royal Scots Dragoon Guards
1653,The Pipkins
1654,The Pointer Sisters
1655,The Police
1656,The Poppy Family
1657,The Presidents
1658,The Raeletts
1659,The Raes
1660,The Raiders
1661,The Ramones
1662,The Rascals
1663,The Rattles
1664,The Ray Charles Orchestra
1665,The Ray Charles Singers
1666,The Real Thing
1667,The Records
1668,The Reflections
1669,The Righteous Brothers
1670,The Ritchie Family
1671,The Road Apples
1672,The Rolling Stones
1673,The Rowans
1674,The Rubettes
1675,The Rubinoos
1676,The Salsoul Orchestra
1677,The Sandpipers
1678,The Sanford/Townsend Band
1679,The Satisfactions
1680,The Searchers
1681,The Shocking Blue
1682,The Shondells
1683,The Silver Bullet Band
1684,The Sons Of Champlin
1685,The Soul Children
1686,The Soul City Symphony
1687,The Soul Explosions
1688,The South Side Movement
1689,"The Souther, Hillman, Furay Band"
1690,The Southern California Community Choir
1691,The Spinners
1692,The Sports
1693,The Stairsteps
1694,The Staple Singers
1695,The Statler Brothers
1696,The Steve Gibbons Band
1697,The Steve Miller Band
1698,The Strangers
1699,The Stylistics
1700,"The Stylistics Featuring Russell Thompkins,Jr."
1701,The Sunshine Band
1704,The Supremes & Four Tops
1705,The Sweet
1706,The Sylvers
1707,The Tarney/Spencer Band
1708,The Tee Set
1709,The Temprees
1710,The Temptations
1711,The Tennessee Three
1714,The Tijuana Brass
1715,The Tokens
1716,The Trammps
1717,The Tubes
1718,The Turtles
1719,The Tymes
1720,The Undisputed Truth
1721,The Union Gap
1722,The Vandellas
1723,The Village Soul Choir
1724,The Wackers
1725,The Wailers
1726,The Walter Murphy Band
1727,The Watts 103rd Street Rhythm Band
1728,The Whatnauts & The Whatnaut Band
1729,The Whispers
1730,The Who
1731,The Wing And A Prayer Fife & Drum Corps.
1732,The Wombles
1733,The Wonder Band
1734,The Youngbloods
1735,Thelma Houston
1736,Thin Lizzy
1737,Think
1738,Third World
1739,Three Dog Night
1740,Tim Curry
1741,Tim Davis
1742,Tim Moore
1743,Tim Weisberg
1744,Timmy Thomas
1745,Tin Tin
1746,Toby Beau
1747,Today's People
1750,Tom Clay
1751,Tom Johnston
1752,Tom Jones
1753,Tom Parker
1754,Tom Petty
1755,Tom Powers
1756,Tom Scott
1757,Tom T. Hall
1758,Tommy Cash
1759,Tommy James
1760,Tommy Roe
1761,Tony Burrows
1762,Tony Camillo's Bazuka
1763,Tony Cole
1764,Tony DeFranco
1765,Tony Joe White
1768,Toto
1769,Tower Of Power
1770,Traffic
1771,"Traffic, Etc."
1772,Travis Wammack
1773,Triumph
1774,Trooper
1775,Tufano & Giammarese
1776,Turley Richards
1777,Tuxedo Junction
1778,Tycoon
1779,Tyrannosaurus Rex
1780,Tyrone Davis
1781,U.S. 1
1782,Ultimate
1783,Uncle Dog
1784,Undisputed Truth
1785,Universal Robot Band
1786,Uriah Heep
1787,Valerie Simpson
1788,Van Halen
1789,Van Mccoy
1790,Van Morrison
1791,Vanity Fare
1792,Vic Dana
1793,Vicki Lawrence
1794,Vicki Sue Robinson
1795,Vigrass & Osborne
1796,Vikki Carr
1797,Village People
1798,Vincent Bell
1799,Voyage
1800,Wadsworth Mansion
1801,Waldo De Los Rios
1802,Walter Egan
1803,Walter Jackson
1804,Walter Murphy & The Big Apple Band
1805,War
1806,Warren Zevon
1807,Waylon
1808,Waylon & Willie
1809,Waylon Jennings
1810,Wayne Newton
1811,Wednesday
1812,Wendy Waldman
1813,Wet Willie
1814,Whatnauts
1815,Whirlwind
1816,White Plains
1817,Wilbert Harrison
1818,Wild Cherry
1819,Wildfire
1820,William Bell
1821,William DeVaughn
1822,Willie Henderson
1823,Willie Hutch
1824,Willie Nelson
1825,Wilson Bros.
1826,Wilson Pickett
1827,Wilton Place Street Band
1830,Witch Queen
1831,Yes
1832,Yvonne Elliman
1833,Yvonne Fair
1834,Z.Z. Hill
1835,ZZ Top
1836,Zwol
